"Timestamp","Name ","1. Programming, e.g., C++, C#, Java, assembler","2. Mobile development, e.g., Android, iOS","3. Console development, e.g., PS3/4, Xbox, Switch","4. Interaction and VR, e.g., Kinect, eye tracking, Vive/Oculus","5. Game testing / QA","6. Game concept design","7. General game engine usage, e.g., Unity, Unreal","8. Game level design, e.g., Unity, Unreal","9. Real-time graphics programming, e.g., OGL, DirectX","10. 3D graphics (modeling and animation), e.g., 3DS Max, Maya, Blender","11. 2D graphics (interfaces, textures), e.g., Photoshop, Gimp","12. Game audio, e.g., OpenAL, FMOD","13. Game physics, e.g., Havok, ODE, Bullet","14. Game networking, e.g., RAKNET","15. Game AI and characters, e.g., OpenSteer, Havok","16. Game engine scripting, e.g., Unity, Unreal","17. Applied software engineering, e.g., Agile, SCRUM","18. Project manager/team leader/producer","19. Business development and finance","20. Legal","What do you hope to get out of the course?"
"2019/10/25 1:07:27 PM GMT+1","Shuo Yang","4","3","1","5","1","3","3","3","3","1","4","1","1","1","1","3","3","3","3","1","A game demo and documentation"
"2019/10/25 2:23:41 PM GMT+1","Juan García de la Cruz García","4","4","2","1","3","4","4","4","1","2","3","1","1","2","2","4","3","4","2","1","New knowledge."
"2019/10/25 3:29:13 PM GMT+1","Jonathan Geffen","4","4","2","3","3","4","4","3","2","2","4","1","1","1","1","4","4","4","3","1","Deepen game design knowledge and gain insights into what it takes to make an enjoyable and unique game."
"2019/10/25 4:06:30 PM GMT+1","Timur","5","1","1","1","3","4","1","2","1","1","5","1","1","1","3","1","5","5","3","1","Learn something!"
"2019/10/25 7:31:55 PM GMT+1","Alvaro Miguez","1","1","2","2","3","3","2","2","1","1","3","1","1","2","2","1","2","5","4","2","I hope to get a bigger understanding on how to develop videogames, a better grasp on the videogame sector and to learn skills to help develop a game (an ongoing project I have with a friend)"
"2019/10/25 7:58:11 PM GMT+1","Eric Kvist","2","1","1","1","1","1","1","1","1","1","1","1","1","1","1","1","4","4","4","1","Have a broader understanding on how games are created"
"2019/10/25 8:00:56 PM GMT+1","Eduardo Alvarez","3","4","1","1","2","3","3","3","3","4","4","1","1","1","2","1","5","4","4","1","1.- Learn game design to help putting the user enjoyment over graphics and technical capabilities. 2.- Networking to meet other potential game developers for a startup idea that I have."
"2019/10/26 1:18:06 PM GMT+1","Noé Samaille","4","3","1","1","1","1","1","1","1","1","1","1","1","1","1","1","5","4","2","2","I hope to get a proper understanding of the whole process of designing to releasing a computer game, and applied knowledge of modern tecnologies such as VR and designing AI in games."
"2019/10/26 4:45:33 PM GMT+1","Ziyi Zhou","2","2","1","4","2","3","3","3","1","4","5","1","1","1","1","2","2","3","2","1","How to design a good game. Game market."
"2019/10/26 6:01:52 PM GMT+1","Ben Forsrup","3","2","1","2","1","2","2","2","1","1","2","1","1","1","1","2","3","2","1","1","To have created a game with other people, combining skills into a nice end product."
"2019/10/27 10:47:17 AM GMT+1","GENOCHIO Loïc","4","1","1","1","1","1","2","2","1","1","3","1","1","1","1","1","3","3","2","2","An overview of video game making"
"2019/10/27 7:47:56 PM GMT+1","Simon Edström Kawaji","4","2","1","3","4","5","4","5","2","2","3","1","1","2","2","4","4","4","2","2","I want to learn more about game development, have fun while working on the project and create something that I can be proud of"
"2019/10/27 11:51:07 PM GMT+1","Andreas Heiskanen","5","2","1","1","4","4","3","3","2","1","4","4","2","1","2","3","5","5","5","3","I am really excited to learn more about the gaming industry in general, especially from a software engineer point of view. I also hope to get out some good experiences regarding working together as a larger project team. Also, I’ve been playing video games for a very long time and started my programming journey by making games in Java. Therefore, this seems like it will be a very interesting and valuable course. "
"2019/10/27 11:51:17 PM GMT+1","Andreas Heiskanen","5","2","1","1","4","4","3","3","2","1","4","4","2","1","2","3","5","5","5","3","I am really excited to learn more about the gaming industry in general, especially from a software engineer point of view. I also hope to get out some good experiences regarding working together as a larger project team. Also, I’ve been playing video games for a very long time and started my programming journey by making games in Java. Therefore, this seems like it will be a very interesting and valuable course. "
"2019/10/27 11:51:21 PM GMT+1","Andreas Heiskanen","5","2","1","1","4","4","3","3","2","1","4","4","2","1","2","3","5","5","5","3","I am really excited to learn more about the gaming industry in general, especially from a software engineer point of view. I also hope to get out some good experiences regarding working together as a larger project team. Also, I’ve been playing video games for a very long time and started my programming journey by making games in Java. Therefore, this seems like it will be a very interesting and valuable course. "
"2019/10/28 12:10:34 AM GMT+1","Willy Liu","5","3","1","1","1","1","3","2","1","1","5","1","1","1","1","3","4","2","1","1","I hope to learn how game design is done with regards to planning and organizing the project as a whole, as well as gain some practical experience with developing/programming the game itself."
"2019/10/28 12:12:04 AM GMT+1","Emil Jonsson","4","3","1","1","2","4","4","3","2","1","3","1","2","2","3","4","2","3","2","2","Mostly fun, but also an impression about how it is making a game with a large group of people. "
"2019/10/28 12:53:17 AM GMT+1","Robert Kindwall","4","3","1","1","4","4","2","2","1","4","4","1","1","1","1","2","4","2","1","1","Better general understanding of game design and development to make my computer science understanding more broad"
"2019/10/28 2:06:18 AM GMT+1","Yujie","2","1","1","3","3","1","1","1","1","3","5","1","1","1","1","1","1","3","3","2","Learn basic knowledge of game development and try to make good game interaction design. My biggest interest is interaction."
"2019/10/28 8:22:56 AM GMT+1","Akash","3","2","1","3","3","4","3","3","2","2","1","1","1","1","1","3","4","4","3","4","I which do understand both the design, development and business aspects of the games industry. I want to have the opportunity to develop my skills in game development using tools such as Unity, Blender etc."
"2019/10/28 8:34:56 AM GMT+1","Markus Winroth","5","5","1","1","5","4","5","5","1","1","2","1","1","1","3","5","4","3","2","1","I've made a few unity games with some friends that is on the google play market. So I want to get an overall more complete understanding on everything else then just ""making the game""."
"2019/10/28 8:46:33 AM GMT+1","Chantal","2","1","1","1","2","1","2","2","1","1","2","1","1","1","1","2","1","3","1","1","General understanding of video game development."
"2019/10/28 8:48:05 AM GMT+1","Alex Lindström","5","5","1","1","3","3","5","5","1","1","1","1","1","1","1","5","4","3","2","1","I have developed a few projects on my own and along with fellow classmates using Unity.  I hope to get a more general overview of a project with all the different aspects including from planing to product."
"2019/10/28 8:50:00 AM GMT+1","Daniel Karlsson","4","4","1","1","1","1","4","2","1","1","3","1","1","1","2","3","3","2","1","1","Alot of new and interesting insight to how to create games that appeal to the public, dont know if performance will be covered in the course but that would be something."
"2019/10/28 8:54:08 AM GMT+1","Fredrik Omstedt","4","3","1","3","3","3","5","3","1","1","4","2","1","2","3","5","4","3","1","1","I have been making games for a while now, but never using any established methods. I hope this course teaches me how to efficiently go from an idea to a finished product, in a way that maintains the fun of making games."
"2019/10/28 8:56:43 AM GMT+1","Ludvig Kindberg","3","1","1","1","2","1","1","1","1","1","2","1","1","1","1","1","3","3","2","1","Learn how to develop games and get experience of game development and tools/programming languages used to develop games."
"2019/10/28 9:07:26 AM GMT+1","Martin Nilsson","4","1","1","1","1","1","3","1","2","1","4","1","1","1","1","2","1","1","1","1",""
"2019/10/28 9:33:07 AM GMT+1","Alejandro Pérez","4","2","1","1","3","3","2","2","1","1","3","1","1","1","1","2","1","3","2","3","More understanding of game development and testing"
"2019/10/28 9:33:19 AM GMT+1","Javier García San Vicente","4","2","1","1","3","2","1","1","1","1","3","1","1","1","1","1","1","5","3","1","History, techniques and art of the videogame design"
"2019/10/28 9:33:55 AM GMT+1","Miguel Feliu","4","1","1","1","3","2","2","1","1","1","3","1","1","1","1","1","3","2","1","2","Learn new skills and improve my current ones"
"2019/10/28 9:59:29 AM GMT+1","Diego Catalan Canales","3","1","1","3","5","4","4","3","1","3","2","1","1","1","1","4","2","1","1","1","Experience/knowledge with making a game"
"2019/10/28 10:07:13 AM GMT+1","Love Stark","4","3","2","1","2","3","2","1","1","1","2","1","1","1","1","1","4","4","2","1","Learn more about computer game design and its designing aspects. "
"2019/10/28 10:07:38 AM GMT+1","Ajla Elmasdotter","5","1","1","1","3","3","5","3","1","1","3","1","1","1","1","4","5","5","1","1","As much as possible"
"2019/10/28 10:07:48 AM GMT+1","Fredilyn Villarin","2","2","1","1","3","2","1","1","1","1","1","1","1","1","1","1","2","3","3","1","Hopefully to raise my understanding of the concepts and frameworks in this survey"
"2019/10/28 10:08:29 AM GMT+1","GU Jian","4","3","1","1","2","2","2","2","2","2","4","2","3","1","3","2","3","3","1","1","indie game maker"
"2019/10/28 10:08:41 AM GMT+1","Timmy Nielsen","4","2","1","3","3","4","3","3","2","1","2","1","1","1","1","3","4","3","2","2","Knowledge about game development and ideas for future projects"
"2019/10/28 10:09:24 AM GMT+1","Nathan Bhat","4","2","2","2","4","5","4","4","3","2","2","3","3","1","2","4","4","4","3","1","To learn to make fun and interesting games that could be shown in a portfolio"
"2019/10/28 10:09:24 AM GMT+1","Jonathan ","4","1","1","1","1","3","1","1","1","1","5","2","1","1","1","1","2","2","2","1","Knowledge of gaming and have fun"
"2019/10/28 10:09:36 AM GMT+1","Edin Suta","4","1","2","2","1","4","4","3","2","1","2","2","3","3","1","4","3","1","1","1","I hope to just learn more about game development in general (hopefully more than I already know)."
"2019/10/28 10:10:00 AM GMT+1","Hannah Bayat","4","3","1","2","5","1","3","2","4","3","4","1","2","1","1","2","5","4","1","1","fun"
"2019/10/28 10:10:02 AM GMT+1","Markus Zvonek","4","3","1","1","1","3","1","1","1","2","3","1","3","1","1","1","4","4","3","2","A general understanding about Game Design and the HCI of Games"
"2019/10/28 10:10:42 AM GMT+1","Henrik A. Glass","4","2","1","3","2","3","3","2","2","1","4","3","2","2","2","4","3","3","2","1","I really just want to get some experience doing game development."
"2019/10/28 10:10:50 AM GMT+1","Tom Axblad","4","1","1","5","3","5","4","4","2","2","5","1","3","3","3","5","3","3","2","1","An understanding of game dev work with larger groups. More experience with different facets in game dev work (such as 3d modeling, level design, work around the actual development)."
"2019/10/28 10:11:48 AM GMT+1","Marco Koivisto","4","5","1","1","4","3","4","3","2","2","5","1","3","1","1","3","5","5","5","5","Develop something interesting with a good group of people and get insight in whether game development is of my interest."
"2019/10/28 10:11:57 AM GMT+1","Bros Victor ","4","1","1","1","1","1","1","1","1","2","3","1","1","1","2","1","5","5","2","2","Succeed in managing the different aspects of the project "
"2019/10/28 10:14:37 AM GMT+1","Ismail jattioui","3","1","1","1","1","1","1","1","1","1","3","1","1","1","1","1","3","3","1","3","Hapinness"
"2019/10/28 10:15:08 AM GMT+1","Thelma Svenns ","3","1","1","1","3","3","2","2","1","1","2","4","1","1","1","2","1","3","3","3","I would like to learn more about sound implementing in computer games and the design development"
"2019/10/28 10:16:49 AM GMT+1","Lisa Andersson López","3","1","1","1","3","3","2","2","1","1","2","4","1","1","1","1","1","4","1","1","To learn more about graphics and how to compute sound in a game as I’m taking the sound master "
"2019/10/28 10:17:07 AM GMT+1","Joakim Lilja","5","3","2","3","1","2","4","4","3","2","1","1","3","1","3","3","3","5","1","2","To learn how to structure a game engine"
"2019/10/28 10:17:59 AM GMT+1","Veronica Hage","3","2","1","2","2","2","3","2","1","1","4","1","1","1","1","2","3","2","1","1","I want to learn concepts used in the industry of gaming so that I can talk to a professional about this in an unforced way. I would also want to dive into some optional area a bit more and do them practically (hopfully involving coding). 
"